<application>
  <component name="FileTypeManager" version="17">
    <extensionMap>
      <mapping ext="fnc" type="DBN-PSQL" />
      <mapping ext="prc" type="DBN-PSQL" />
      <mapping ext="tpe" type="DBN-PSQL" />
      <mapping ext="tpb" type="DBN-PSQL" />
      <mapping ext="tps" type="DBN-PSQL" />
      <mapping ext="trg" type="DBN-PSQL" />
      <mapping ext="pks" type="DBN-PSQL" />
      <mapping ext="pkg" type="DBN-PSQL" />
      <mapping ext="pkb" type="DBN-PSQL" />
      <mapping ext="vw" type="DBN-SQL" />
      <mapping pattern="IReader_DB" type="SQLAndroid file" />
      <mapping ext="db" type="SQLAndroid file" />
      <removed_mapping pattern="OrionPlugin.groovy" approved="true" type="PLAIN_TEXT" />
    </extensionMap>
  </component>
</application>